Domain,Status,Attractiveness,Demand,Length,Sectors,Created,Expires,Registrar
one.website,available,132,44%,3,"Business,General,Media,Technology",,,
brief.website,available,124,19%,5,"Business,Education,General,Law",,,
complete.website,available,120,21%,8,"Manufacturing,Retail,Technology",,,
second.website,available,120,23%,6,"General,Mathematics",,,
tenth.website,available,116,7%,5,Mathematics,,,
flat.website,available,116,24%,4,"Construction,Real Estate",,,
equal.website,available,116,19%,5,"Education,General,Law",,,
hotshot.website,available,112,14%,7,"Business,Entertainment,Sports",,,
above.website,available,112,22%,5,Business,,,
zero.website,available,112,49%,4,Mathematics,,,
abstract.website,available,108,29%,8,"Arts,Humanities,Science",,,
abiding.website,available,106,5%,7,"General,Religion",,,
teen.website,available,104,14%,4,"Education,Entertainment,Healthcare",,,
active.website,available,104,27%,6,"Health and Fitness,Sports,Travel",,,
absent.website,available,102,8%,6,"Business,Education,Technology",,,
eight.website,available,102,23%,5,"General,Mathematics",,,
extra.website,available,102,26%,5,"Fashion,Retail,Technology",,,
crack.website,available,100,20%,5,Sports,,,
adjunct.website,available,100,5%,7,Education,,,
eighth.website,available,100,6%,6,Mathematics,,,
whiz.website,available,100,12%,4,"Business,Education,Technology",,,
abrupt.website,available,100,3%,6,"Medicine,Science",,,
ninth.website,resell,100,9%,5,Mathematics,13/04/2025 08:19,13/04/2026 23:59,VIRTUA DRUG Kutatási Szolgáltató Korlátolt Felelősségű Társaság
third.website,available,100,16%,5,Mathematics,,,
sixth.website,available,100,8%,5,Mathematics,,,
remove.website,available,100,13%,6,"Construction,Manufacturing,Technology",,,
genius.website,available,98,46%,6,"Arts,Education,Technology",,,
forgiving.website,available,96,3%,9,"Healthcare,Religion",,,
academic.website,available,96,20%,8,"Education,Humanities,Science",,,
alamode.website,available,96,12%,9,Fashion,,,
about.website,available,94,28%,5,"Business,General,Media,Technology",,,
virtuoso.website,available,94,16%,8,"Arts,Entertainment",,,
around.website,available,94,22%,6,"Business,General,Media,Technology",,,
abject.website,available,94,7%,6,Humanities,,,
twentieth.website,available,92,3%,9,Mathematics,,,
derelict.website,available,92,7%,8,"Construction,Real Estate",,,
exemplary.website,available,92,5%,9,"Business,Education,Healthcare",,,
nought.website,available,92,4%,6,Mathematics,,,
abroad.website,available,92,12%,6,"Hospitality,Travel",,,
adjective.website,available,92,5%,9,Education,,,
addictive.website,available,90,9%,9,Healthcare,,,
additional.website,available,90,8%,10,"Fashion,Retail,Technology",,,
leash.website,available,90,7%,5,"General,Health and Fitness,Retail",,,
abortive.website,available,90,1%,8,"Medicine,Science",,,
riveting.website,available,90,6%,8,"Entertainment,Media,Technology",,,
gripping.website,available,90,3%,8,"Entertainment,Media,Technology",,,
clear.website,available,90,47%,5,"Manufacturing,Retail,Technology",,,
endearing.website,available,90,1%,9,"Entertainment,Fashion,Retail",,,
ten.website,available,88,28%,3,"General,Mathematics",,,
sixteen.website,available,88,11%,7,Mathematics,,,
adlib.website,available,88,7%,6,Entertainment,,,
fifteen.website,available,88,13%,7,Mathematics,,,
twelve.website,resell,88,18%,6,"General,Mathematics",14/08/2024 16:33,14/08/2026 23:59,"Go Daddy, LLC"
eleven.website,available,88,33%,6,Mathematics,,,
ace.website,available,88,34%,3,Sports,,,
hundred.website,available,88,14%,7,Mathematics,,,
three.website,available,88,24%,5,Mathematics,,,
activist.website,available,88,12%,8,"Humanities,Politics",,,
recondite.website,available,86,4%,9,"Arts,Humanities,Science",,,
xix.website,available,86,11%,3,Mathematics,,,
attendant.website,available,86,5%,9,"Healthcare,Hospitality,Transportation",,,
extempore.website,available,86,3%,9,Entertainment,,,
engrossing.website,available,86,0%,10,"Entertainment,Media,Technology",,,
cipher.website,available,86,29%,6,Mathematics,,,
xiv.website,available,86,12%,3,Mathematics,,,
adolescent.website,available,86,3%,10,"Education,Entertainment,Healthcare",,,
star.website,available,86,40%,4,"Entertainment,Media,Sports",,,
aboriginal.website,resell,86,10%,10,Humanities,25/09/2016 13:45,25/09/2025 23:59,"Go Daddy, LLC"
thirteen.website,available,84,10%,8,Mathematics,,,
grand.website,available,84,25%,5,"Finance,General",,,
seventeen.website,available,84,7%,9,Mathematics,,,
thousand.website,available,84,8%,8,Mathematics,,,
nineteen.website,available,84,8%,8,Mathematics,,,
acting.website,available,84,12%,6,Entertainment,,,
sharp.website,available,84,34%,5,"Arts,Fashion",,,
twentyone.website,available,84,13%,10,Mathematics,,,
fourteen.website,available,84,8%,8,Mathematics,,,
accessory.website,available,84,8%,9,"Fashion,Retail,Technology",,,
adjustable.website,available,84,3%,10,"Manufacturing,Retail,Technology",,,
abkhaz.website,available,82,1%,6,Geography,,,
absorbent.website,available,82,3%,9,"Healthcare,Manufacturing,Retail",,,
abenaki.website,available,82,2%,7,Geography,,,
good.website,available,82,47%,4,"Food and Beverage,General,Health and Fitness,Retail",,,
abroach.website,available,82,1%,7,Food and Beverage,,,
impromptu.website,available,82,16%,9,Entertainment,,,
fivesome.website,available,82,1%,8,Sports,,,
abdominal.website,available,82,1%,9,"Health and Fitness,Medicine",,,
dozen.website,available,82,10%,5,Mathematics,,,
enduring.website,available,82,9%,8,"Health and Fitness,Religion",,,
cleansing.website,available,82,3%,9,Health and Fitness,,,
trio.website,available,80,21%,4,Entertainment,,,
nine.website,available,80,24%,4,"General,Mathematics",,,
capable.website,available,80,12%,7,"Business,Education,Technology",,,
wiz.website,available,80,30%,3,"Business,Education,Technology",,,
absolute.website,available,80,25%,8,"Engineering,Mathematics,Science",,,
superstar.website,available,80,18%,9,Entertainment,,,
forty.website,available,80,9%,5,Mathematics,,,
worshipful.website,available,80,1%,10,"Education,Healthcare,Religion",,,
dorsal.website,available,80,6%,6,"Medicine,Science",,,
adoptable.website,available,80,3%,9,"Education,Healthcare",,,
sequent.website,expiring,80,7%,7,"Healthcare,Insurance,Transportation",14/09/2023 20:25,14/09/2025 23:59,"Go Daddy, LLC"
abundant.website,available,80,19%,8,"Agriculture,Manufacturing,Retail",,,
absorbable.website,available,80,0%,10,"Healthcare,Pharmaceuticals,Science",,,
twenty.website,available,80,12%,6,Mathematics,,,
two.website,available,80,24%,3,Mathematics,,,
yard.website,available,80,26%,4,"Construction,General",,,
twentysix.website,available,78,8%,10,Mathematics,,,
accessible.website,resell,78,21%,10,"Healthcare,Retail,Technology",06/05/2020 18:18,06/05/2026 23:59,IONOS SE
recognised.website,available,78,3%,10,"Business,Education,Technology",,,
recognized.website,available,78,3%,10,"Business,Education,Technology",,,
accepted.website,available,78,6%,8,"Business,Education,Technology",,,
adrenal.website,available,78,4%,7,"Education,Healthcare,Science",,,
adorable.website,available,78,8%,8,"Entertainment,Fashion,Retail",,,
sixtynine.website,available,78,8%,10,Mathematics,,,
abkhazian.website,available,78,1%,9,Geography,,,
low.website,available,78,20%,3,"Business,Finance",,,
acceptant.website,available,78,1%,9,"Education,Healthcare",,,
absorptive.website,available,78,1%,10,"Healthcare,Manufacturing,Retail",,,
honestly.website,available,78,9%,8,"Business,Law",,,
abkhasian.website,available,78,1%,9,Geography,,,
dormant.website,available,78,4%,7,"Medicine,Science",,,
athletic.website,available,78,15%,8,"Health and Fitness,Sports",,,
adjacent.website,available,78,9%,8,"Construction,Real Estate,Retail",,,
accurate.website,available,78,16%,8,"Engineering,Mathematics,Science",,,
firstrate.website,available,76,6%,10,Business,,,
resultant.website,available,76,2%,9,"Healthcare,Insurance,Transportation",,,
threed.website,available,76,7%,7,Technology,,,
adaptable.website,available,76,9%,9,"Business,Education,Technology",,,
ague.website,available,76,2%,4,"Geography,Medicine,Science",,,
fifteenth.website,available,76,2%,9,Mathematics,,,
diamond.website,available,76,32%,7,Fashion,,,
thirteenth.website,available,76,4%,10,Mathematics,,,
improvise.website,available,76,4%,9,Entertainment,,,
adhesive.website,available,76,7%,8,"Construction,Manufacturing,Technology",,,
nineteenth.website,available,76,3%,10,Mathematics,,,
adipose.website,available,76,2%,7,"Healthcare,Science",,,
abrasive.website,available,76,6%,8,"Construction,Manufacturing",,,
addable.website,available,76,2%,7,"Engineering,Mathematics,Science",,,
eighteen.website,available,76,7%,8,Mathematics,,,
thousandth.website,available,76,1%,10,Mathematics,,,
ventral.website,available,76,3%,7,Science,,,
acoustic.website,available,76,14%,8,Science,,,
hundredth.website,available,76,1%,9,Mathematics,,,
obscene.website,available,76,5%,7,"Entertainment,Media",,,
ancillary.website,available,76,6%,9,"Healthcare,Manufacturing,Technology",,,
incidental.website,available,76,4%,10,"Healthcare,Insurance,Transportation",,,
fourteenth.website,available,76,1%,10,Mathematics,,,
adaptive.website,resell,76,28%,8,"Business,Education,Technology",02/10/2014 23:42,02/10/2025 23:59,"Go Daddy, LLC"
energizing.website,available,76,3%,10,"Food and Beverage,Health and Fitness,Travel",,,
sensation.website,available,74,7%,9,"Entertainment,Media,Sports",,,
single.website,available,74,19%,6,Sports,,,
adenoid.website,available,74,1%,7,"Health and Fitness,Medicine,Science",,,
activated.website,available,74,9%,9,"Healthcare,Manufacturing,Technology",,,
acuate.website,available,74,2%,6,"Engineering,Medicine,Science",,,
adrenergic.website,available,74,1%,10,"Education,Healthcare,Science",,,
aberrant.website,available,74,6%,8,"Medicine,Science",,,
supra.website,available,74,25%,5,"Medicine,Science",,,
playing.website,available,74,12%,7,Entertainment,,,
achievable.website,available,74,4%,10,"Business,Education,Technology",,,
mavin.website,available,74,7%,5,"Entertainment,Fashion,Technology",,,
adapted.website,available,74,6%,7,"Healthcare,Manufacturing,Technology",,,
cleared.website,available,74,7%,7,"Healthcare,Law,Transportation",,,
admirable.website,available,74,5%,9,"Business,Education,Healthcare",,,
adamant.website,available,74,14%,7,Religion,,,
broad.website,available,74,13%,5,"Entertainment,General,Media",,,
skilful.website,available,74,3%,7,"Education,Health and Fitness,Sports",,,
manageable.website,available,74,4%,10,"Business,Education,Technology",,,
realizable.website,available,74,1%,10,"Business,Education,Technology",,,
accepting.website,available,74,3%,9,"Education,Healthcare",,,
adjectival.website,available,72,1%,10,Education,,,
deep.website,available,72,41%,4,"Engineering,Mathematics,Science",,,
eightieth.website,available,72,1%,9,Mathematics,,,
addicted.website,available,72,9%,8,Healthcare,,,
adjunctive.website,available,72,1%,10,"Healthcare,Manufacturing,Technology",,,
abreast.website,available,72,2%,7,"Business,Technology",,,
ablaze.website,available,72,6%,6,Entertainment,,,
adiabatic.website,available,72,3%,9,"Engineering,Science",,,
engrossed.website,available,72,1%,9,"Entertainment,Media,Technology",,,
existent.website,available,72,3%,8,"Mathematics,Science",,,
aching.website,available,72,4%,6,Healthcare,,,
accustomed.website,available,72,1%,10,"Business,Education,Humanities",,,
ternary.website,available,72,7%,7,Mathematics,,,
trey.website,available,72,14%,4,Sports,,,
ninetieth.website,available,72,1%,9,Mathematics,,,
liv.website,available,72,27%,3,Mathematics,,,
adonic.website,available,72,2%,6,"Arts,Education,Entertainment",,,
accusative.website,available,72,0%,10,"Humanities,Law",,,
trinity.website,available,72,18%,7,Religion,,,
lovely.website,available,72,26%,6,"Entertainment,Fashion,Retail",,,
champion.website,resell,72,28%,8,"Entertainment,Health and Fitness,Sports",29/05/2025 07:28,29/05/2026 23:59,"Spaceship, Inc."
improvize.website,available,72,1%,9,Entertainment,,,
abloom.website,available,72,5%,6,Agriculture,,,
absolutist.website,available,72,1%,10,"Humanities,Law,Politics",,,
absorbed.website,available,72,2%,8,"Entertainment,Media,Technology",,,
seventieth.website,available,72,1%,10,Mathematics,,,
adaptative.website,available,72,1%,10,"Business,Education,Technology",,,
sixtieth.website,available,72,1%,8,Mathematics,,,
skillful.website,available,70,9%,8,"Education,Health and Fitness,Sports",,,
practiced.website,available,70,3%,9,"Education,Health and Fitness,Sports",,,
offhand.website,available,70,2%,7,Entertainment,,,
adamantine.website,available,70,4%,10,Religion,,,
admired.website,available,70,5%,7,"Business,Education,Healthcare",,,
lowdown.website,available,70,6%,8,"Entertainment,Media",,,
consequent.website,available,70,3%,10,"Business,Education,General,Technology",,,
absorbing.website,available,70,3%,9,"Entertainment,Media,Technology",,,
adored.website,available,70,6%,6,"Entertainment,Fashion,Retail",,,
abulic.website,available,70,1%,6,Medicine,,,
adjusted.website,available,70,5%,8,"Manufacturing,Retail,Technology",,,
unity.website,available,70,40%,5,Mathematics,,,
accumbent.website,available,70,1%,9,"Healthcare,Medicine,Science",,,
recumbent.website,available,70,2%,9,"Healthcare,Medicine,Science",,,
acuminate.website,available,70,1%,9,"Engineering,Medicine,Science",,,
abradant.website,available,70,1%,8,"Construction,Manufacturing",,,
stillborn.website,available,70,2%,9,"Medicine,Science",,,
gymnastic.website,available,70,3%,9,"Entertainment,Sports",,,
miserable.website,available,70,4%,9,Humanities,,,
achaean.website,available,68,2%,7,Humanities,,,
aculeate.website,available,68,1%,8,"Engineering,Medicine,Science",,,
decorated.website,available,68,3%,9,"Entertainment,Fashion,Retail",,,
activating.website,available,68,3%,10,"Healthcare,Manufacturing,Technology",,,
septenary.website,available,68,1%,9,Mathematics,,,
scurvy.website,available,68,3%,6,Humanities,,,
threesome.website,available,68,5%,9,Entertainment,,,
stygian.website,available,68,5%,7,Humanities,,,
disciple.website,available,68,14%,8,"Education,Religion",,,
achaian.website,available,68,2%,7,Humanities,,,
aberdonian.website,available,68,1%,10,Geography,,,
octonary.website,available,68,1%,8,Mathematics,,,
acerate.website,available,68,1%,7,Science,,,
foursome.website,available,68,4%,8,Sports,,,
licenced.website,available,68,2%,8,"Business,Healthcare,Insurance",,,
accredited.website,available,68,9%,10,"Business,Education,Healthcare",,,
aroused.website,available,68,3%,7,"Entertainment,Health and Fitness",,,
licensed.website,available,68,5%,8,"Business,Healthcare,Insurance",,,
ennead.website,available,68,5%,6,Mathematics,,,
abnaki.website,available,68,1%,6,Geography,,,
fiftieth.website,available,68,0%,8,Mathematics,,,
abducent.website,available,68,0%,8,Medicine,,,
thirtieth.website,available,68,1%,9,Mathematics,,,
overseas.website,resell,68,12%,8,"Hospitality,Travel",13/01/2025 08:40,13/01/2026 23:59,Namecheap
sevener.website,available,68,1%,7,Mathematics,,,
abkhas.website,available,68,0%,6,Geography,,,
fortieth.website,available,68,0%,8,Mathematics,,,
ninety.website,available,66,11%,6,Mathematics,,,
teenager.website,available,66,4%,8,"Education,Entertainment,Healthcare",,,
sextet.website,available,66,1%,6,Entertainment,,,
acrobatic.website,available,66,4%,9,"Entertainment,Sports",,,
six.website,available,66,26%,3,Mathematics,,,
acappella.website,available,66,6%,10,Entertainment,,,
buzzing.website,available,66,7%,7,"Entertainment,Media,Technology",,,
performing.website,available,66,6%,10,Entertainment,,,
five.website,available,66,26%,4,Mathematics,,,
xii.website,available,66,10%,3,Mathematics,,,
xxi.website,available,66,10%,3,Mathematics,,,
tenner.website,available,66,5%,6,Finance,,,
xxvi.website,available,66,3%,4,Mathematics,,,
eighty.website,available,66,6%,6,Mathematics,,,
xiii.website,available,66,9%,4,Mathematics,,,
xviii.website,available,66,5%,5,Mathematics,,,
adopted.website,available,66,4%,7,"Education,Healthcare",,,
xxv.website,available,66,6%,3,Mathematics,,,
century.website,available,66,17%,7,Education,,,
acervate.website,available,66,1%,8,Science,,,
according.website,available,66,3%,9,"Business,Education,Technology",,,
latest.website,available,66,18%,6,Technology,,,
maven.website,expiring,66,30%,5,"Entertainment,Fashion,Technology",13/09/2024 19:31,13/09/2025 23:59,"Go Daddy, LLC"
modish.website,available,66,5%,6,Fashion,,,
xvi.website,available,66,5%,3,Mathematics,,,
clv.website,available,66,10%,3,Mathematics,,,
abstinent.website,available,66,1%,9,"Health and Fitness,Religion",,,
adorned.website,available,66,5%,7,"Entertainment,Fashion,Retail",,,
deuce.website,available,66,9%,5,Sports,,,
accessary.website,available,66,1%,9,"Business,Law,Technology",,,
exonerated.website,available,66,2%,10,"Humanities,Law,Politics",,,
onec.website,available,66,6%,5,Mathematics,,,
xvii.website,available,66,5%,4,Mathematics,,,
four.website,available,66,27%,4,Mathematics,,,
thirty.website,available,66,8%,6,Mathematics,,,
absolved.website,available,64,1%,8,"Humanities,Law,Religion",,,
nondrinker.website,available,64,1%,10,"Health and Fitness,Religion",,,
accordant.website,available,64,3%,9,"Arts,Entertainment",,,
aflame.website,available,64,3%,6,Entertainment,,,
adagio.website,available,64,14%,6,Entertainment,,,
acentric.website,available,64,2%,8,Science,,,
deviant.website,available,64,12%,7,"Medicine,Science",,,
astringent.website,available,64,1%,10,"Healthcare,Pharmaceuticals",,,
rising.website,available,64,18%,6,"Construction,Manufacturing,Real Estate",,,
ccc.website,available,64,38%,3,Mathematics,,,
scatty.website,available,64,1%,6,"Arts,Entertainment,Media",,,
exculpated.website,available,62,1%,10,"Humanities,Law,Politics",,,
cumulative.website,available,62,2%,10,"Banking,Finance,Insurance",,,
chiliad.website,available,62,2%,7,Mathematics,,,
roughly.website,available,62,3%,7,"Business,Media,Technology",,,
nail.website,available,62,16%,4,"Construction,Fashion,General,Retail",,,
accrued.website,available,62,2%,7,"Banking,Finance,Insurance",,,
pungent.website,available,62,1%,7,Food and Beverage,,,
quartet.website,available,62,7%,7,"Arts,Entertainment",,,
adoptive.website,available,62,1%,8,"Education,Healthcare",,,
longdozen.website,available,62,2%,10,Mathematics,,,
fortyfour.website,available,62,6%,10,Mathematics,,,
playacting.website,available,62,1%,10,Entertainment,,,
activistic.website,available,62,1%,10,"Humanities,Politics",,,
eighteenth.website,available,62,1%,10,Mathematics,,,
adjuvant.website,available,62,5%,8,"Healthcare,Manufacturing,Technology",,,
twodozen.website,available,62,1%,9,Mathematics,,,
orso.website,available,62,9%,5,"Business,Media,Technology",,,
admissible.website,available,62,1%,10,"Education,Healthcare,Law",,,
sixteenth.website,available,62,1%,9,Mathematics,,,
eleventh.website,available,62,5%,8,Mathematics,,,
aborigine.website,available,62,1%,9,Humanities,,,
wrapped.website,expired,62,13%,7,"Fashion,Hospitality,Retail",16/06/2024 19:14,16/06/2025 23:59,"HOSTINGER operations, UAB"
abo.website,available,62,15%,3,Science,,,
accusing.website,available,62,1%,8,Law,,,
ensuant.website,available,62,1%,7,"Healthcare,Insurance,Transportation",,,
aufait.website,available,62,3%,7,"Fashion,Media",,,
sixty.website,available,60,13%,5,Mathematics,,,
clxx.website,available,60,3%,4,Mathematics,,,
eightysix.website,available,60,7%,10,Mathematics,,,
annexal.website,available,60,1%,7,"Agriculture,Manufacturing,Retail",,,
clxv.website,available,60,1%,4,Mathematics,,,
tertiary.website,available,60,4%,8,Education,,,
abashed.website,available,60,1%,7,Humanities,,,
cxlv.website,available,60,2%,4,Mathematics,,,
cxxx.website,available,60,4%,4,Mathematics,,,
cxxv.website,available,60,1%,4,Mathematics,,,
octet.website,available,60,12%,5,Arts,,,
cxx.website,available,60,10%,3,Mathematics,,,
cxl.website,available,60,7%,3,Mathematics,,,
abstemious.website,available,60,0%,10,"Food and Beverage,Health and Fitness,Hospitality",,,
cxv.website,available,60,4%,3,Mathematics,,,
idolized.website,available,60,3%,8,"Entertainment,Fashion,Retail",,,
paunchy.website,available,60,0%,7,"Health and Fitness,Medicine",,,
idolised.website,available,60,1%,8,"Entertainment,Fashion,Retail",,,
aboveboard.website,available,60,5%,10,"Business,Law",,,
adnate.website,available,60,1%,6,"Agriculture,Manufacturing,Retail",,,
acceptive.website,available,60,1%,9,"Education,Healthcare",,,
adnexal.website,available,60,1%,7,"Agriculture,Manufacturing,Retail",,,
abstainer.website,available,60,0%,9,"Health and Fitness,Religion",,,
clxxv.website,available,60,1%,5,Mathematics,,,
xcl.website,available,60,5%,3,Mathematics,,,
cxxxv.website,available,60,2%,5,Mathematics,,,
cautionary.website,available,60,1%,10,"Business,Education,Healthcare",,,
clx.website,available,60,10%,3,Mathematics,,,
clxxx.website,available,60,1%,5,Mathematics,,,
tercet.website,available,59,2%,6,"Arts,Entertainment,Media",,,
fourscore.website,available,58,4%,9,Mathematics,,,
heptad.website,available,58,1%,6,Mathematics,,,
abridged.website,available,58,4%,8,Media,,,
justabout.website,available,58,3%,10,"Business,Media,Technology",,,
octad.website,available,58,5%,5,Mathematics,,,
acetic.website,available,58,1%,6,"Food and Beverage,Science",,,
adhoc.website,available,58,24%,6,"Business,Engineering,Technology",,,
sextuplet.website,available,58,1%,9,Healthcare,,,
acyclic.website,available,58,4%,7,"Engineering,Mathematics,Science",,,
fifth.website,available,58,12%,5,Mathematics,,,
sixtyone.website,available,58,3%,9,Mathematics,,,
addible.website,available,58,2%,7,"Engineering,Mathematics,Science",,,
abuzz.website,available,58,5%,5,"Entertainment,Media,Technology",,,
closeto.website,available,58,3%,8,"Business,Media,Technology",,,
pentad.website,available,58,2%,6,Mathematics,,,
addressed.website,available,58,3%,9,"Business,Technology,Telecommunications",,,
abused.website,available,58,5%,6,"Healthcare,Law",,,
twelfth.website,available,58,2%,7,Mathematics,,,
enwrapped.website,available,58,0%,9,"Entertainment,Fashion,Media",,,
centesimal.website,available,58,1%,10,Mathematics,,,
aucourant.website,available,58,3%,10,"Fashion,Media",,,
tetrad.website,available,58,5%,6,Mathematics,,,
hexad.website,available,58,4%,5,Mathematics,,,
sixer.website,available,58,5%,5,Sports,,,
adjustive.website,available,58,1%,9,"Manufacturing,Retail,Technology",,,
offhanded.website,available,58,1%,9,Entertainment,,,
alacarte.website,expiring,58,11%,10,Food and Beverage,10/09/2023 09:53,10/09/2025 23:59,Namecheap
accented.website,available,58,3%,8,"Arts,Entertainment",,,
eighter.website,available,58,2%,7,Mathematics,,,
adient.website,available,58,4%,6,"Medicine,Science",,,
lxxviii.website,available,58,1%,7,Mathematics,,,
accoutred.website,available,58,1%,9,"Fashion,Manufacturing,Retail",,,
seventy.website,available,58,7%,7,Mathematics,,,
accretive.website,available,58,6%,9,"Banking,Finance,Insurance",,,
quintet.website,available,58,8%,7,"Arts,Entertainment",,,
niner.website,available,58,5%,5,Mathematics,,,
actuarial.website,available,58,8%,9,"Finance,Insurance,Mathematics",,,
fortyone.website,available,56,4%,9,Mathematics,,,
ilx.website,available,56,5%,3,Mathematics,,,
xxxvi.website,available,56,1%,5,Mathematics,,,
xlii.website,available,56,5%,4,Mathematics,,,
xxix.website,available,56,4%,4,Mathematics,,,
admittable.website,available,56,1%,10,"Education,Healthcare,Hospitality",,,
lvii.website,available,56,1%,4,Mathematics,,,
xlviii.website,available,56,1%,6,Mathematics,,,
xliv.website,available,56,2%,4,Mathematics,,,
maledict.website,available,56,1%,8,Religion,,,
potbellied.website,available,56,0%,10,"Health and Fitness,Medicine",,,
halfdozen.website,available,56,1%,10,Mathematics,,,
xli.website,available,56,5%,3,Mathematics,,,
fortysix.website,available,56,3%,9,Mathematics,,,
xxxii.website,available,56,1%,5,Mathematics,,,
admissive.website,available,56,1%,9,"Education,Healthcare,Hospitality",,,
abdominous.website,available,56,0%,10,"Health and Fitness,Medicine",,,
xxxv.website,available,56,4%,4,Mathematics,,,
xxvii.website,available,56,3%,5,Mathematics,,,
xxxviii.website,available,56,1%,7,Mathematics,,,
thirtyone.website,available,56,5%,10,Mathematics,,,
fiftyfour.website,available,56,3%,10,Mathematics,,,
lviii.website,available,56,1%,5,Mathematics,,,
xlvii.website,available,56,2%,5,Mathematics,,,
thirtysix.website,available,56,5%,10,Mathematics,,,
fortynine.website,available,56,3%,10,Mathematics,,,
xxiii.website,available,56,5%,5,Mathematics,,,
fiftynine.website,available,56,4%,10,Mathematics,,,
xxviii.website,available,56,1%,6,Mathematics,,,
admittible.website,available,56,1%,10,"Education,Healthcare,Hospitality",,,
abeyant.website,available,56,1%,7,"Business,Law",,,
xlv.website,available,56,6%,3,Mathematics,,,
fiftyfive.website,available,56,7%,10,Mathematics,,,
fiftysix.website,available,56,4%,9,Mathematics,,,
xliii.website,available,56,1%,5,Mathematics,,,
liii.website,available,56,4%,4,Mathematics,,,
triad.website,available,56,15%,5,Arts,,,
terzetto.website,available,56,3%,8,Arts,,,
fiftyone.website,available,56,7%,9,Mathematics,,,
aone.website,resell,56,15%,5,Food and Beverage,11/08/2024 15:42,11/08/2026 23:59,"Porkbun, LLC"
thirtytwo.website,available,56,5%,10,Mathematics,,,
xxxiii.website,available,56,2%,6,Mathematics,,,
xlvi.website,available,56,3%,4,Mathematics,,,
lii.website,available,56,7%,3,Mathematics,,,
addled.website,available,56,2%,6,Entertainment,,,
appressed.website,available,56,0%,9,"Agriculture,Manufacturing,Retail",,,
xxxiv.website,available,56,1%,5,Mathematics,,,
accoutered.website,available,56,0%,10,"Fashion,Manufacturing,Retail",,,
xxxvii.website,available,56,2%,6,Mathematics,,,
threescore.website,available,54,1%,10,Mathematics,,,
adaxial.website,available,54,2%,7,Science,,,
adjuratory.website,available,54,0%,10,"Law,Politics,Religion",,,
achy.website,available,54,3%,4,Healthcare,,,
vii.website,available,54,13%,3,Mathematics,,,
twoscore.website,available,54,2%,8,Mathematics,,,
iii.website,available,54,24%,3,Mathematics,,,
actuated.website,available,54,2%,8,"Automotive,Manufacturing,Technology",,,
unnatural.website,available,54,4%,9,"Medicine,Science",,,
adducent.website,available,54,1%,8,"Engineering,Mathematics,Science",,,
admonitory.website,available,54,0%,10,"Business,Education,Healthcare",,,
adpressed.website,available,54,0%,9,"Agriculture,Manufacturing,Retail",,,
fin.website,available,54,30%,3,Finance,,,
quintuplet.website,available,54,1%,10,"Healthcare,Medicine,Science",,,
accentual.website,available,54,3%,9,"Arts,Entertainment",,,
ternion.website,available,54,3%,7,Mathematics,,,
accursed.website,available,54,3%,8,"Entertainment,Media,Religion",,,
achromatic.website,available,54,4%,10,Science,,,
abhorrent.website,available,54,1%,9,Humanities,,,
quaternion.website,available,54,6%,10,Mathematics,,,
aboral.website,available,54,2%,6,Science,,,
abaxial.website,available,54,1%,7,Science,,,
abatable.website,available,54,1%,8,Law,,,
monitory.website,available,54,3%,8,"Business,Education,Healthcare",,,
adductive.website,available,54,0%,9,"Engineering,Mathematics,Science",,,
abducens.website,available,54,1%,8,Medicine,,,
fortyfive.website,available,54,4%,10,Mathematics,,,
viii.website,available,54,6%,4,Mathematics,,,
abient.website,available,54,1%,6,Science,,,
quatern.website,available,54,2%,7,Mathematics,,,
deuceace.website,available,54,2%,9,Sports,,,
scratchy.website,available,54,3%,8,Fashion,,,
quadruplet.website,available,54,1%,10,"Healthcare,Medicine,Science",,,
quaternity.website,available,54,4%,10,Mathematics,,,
deserted.website,available,54,3%,8,"Hospitality,Real Estate",,,
abatic.website,available,54,1%,6,Science,,,
adducting.website,available,54,1%,9,"Engineering,Mathematics,Science",,,
septet.website,available,53,1%,6,General,,,
sestet.website,available,53,1%,6,Arts,,,
xxx.website,resell,53,30%,3,"Arts,Entertainment,Media",09/02/2015 17:13,09/02/2026 23:59,TLD Registrar Solutions Ltd
lxi.website,available,52,5%,3,Mathematics,,,
decumbent.website,available,52,1%,9,"Healthcare,Medicine,Science",,,
odious.website,available,52,2%,6,"Entertainment,Humanities",,,
lxvii.website,available,52,1%,5,Mathematics,,,
lxxxiii.website,available,52,1%,7,Mathematics,,,
repugnant.website,available,52,1%,9,Humanities,,,
lxiii.website,available,52,2%,5,Mathematics,,,
abusive.website,available,52,3%,7,"Healthcare,Law",,,
tierce.website,available,52,3%,6,General,,,
abstruse.website,available,52,5%,8,"Humanities,Mathematics,Science",,,
littlejoe.website,available,52,2%,10,"Entertainment,Media",,,
lxxvi.website,available,52,1%,5,Mathematics,,,
ninetysix.website,available,52,4%,10,Mathematics,,,
ixc.website,available,52,5%,3,Mathematics,,,
abominable.website,available,52,2%,10,"Entertainment,Humanities",,,
lxxi.website,available,52,1%,4,Mathematics,,,
xci.website,available,52,4%,3,Mathematics,,,
sixtyfive.website,available,52,3%,10,Mathematics,,,
xciv.website,available,52,2%,4,Mathematics,,,
xcvi.website,available,52,2%,4,Mathematics,,,
xcii.website,available,52,2%,4,Mathematics,,,
abysmal.website,available,52,4%,7,"Arts,Entertainment,Media",,,
repulsive.website,available,52,1%,9,Humanities,,,
lxxxvii.website,available,52,1%,7,Mathematics,,,
lxxiii.website,available,52,1%,6,Mathematics,,,
lxxxiv.website,available,52,1%,6,Mathematics,,,
chagrined.website,available,52,1%,9,Humanities,,,
ablated.website,available,52,1%,7,Science,,,
adenoidal.website,available,52,1%,9,"Health and Fitness,Medicine,Science",,,
xcviii.website,available,52,1%,6,Mathematics,,,
xciii.website,available,52,1%,5,Mathematics,,,
lxxv.website,available,52,1%,4,Mathematics,,,
lxxiv.website,available,52,1%,5,Mathematics,,,
eightytwo.website,available,52,4%,10,Mathematics,,,
lxiv.website,available,52,3%,4,Mathematics,,,
lxxxii.website,available,52,1%,6,Mathematics,,,
lxviii.website,available,52,1%,6,Mathematics,,,
sixtysix.website,available,52,4%,9,Mathematics,,,
ixl.website,available,52,9%,3,Mathematics,,,
ninetytwo.website,available,52,4%,10,Mathematics,,,
lxv.website,available,52,5%,3,Mathematics,,,
lxxii.website,available,52,1%,5,Mathematics,,,
lxxxi.website,available,52,1%,5,Mathematics,,,
sixtytwo.website,available,52,3%,9,Mathematics,,,
aboulic.website,available,52,1%,7,Medicine,,,
detestable.website,available,52,1%,10,Humanities,,,
lxvi.website,available,52,3%,4,Mathematics,,,
eightyone.website,available,52,3%,10,Mathematics,,,
uphill.website,available,52,7%,6,"Sports,Transportation,Travel",,,
xcv.website,available,52,7%,3,Mathematics,,,
lxxxvi.website,available,52,1%,6,Mathematics,,,
lxxvii.website,available,52,2%,6,Mathematics,,,
lxii.website,available,52,1%,4,Mathematics,,,
lxxxv.website,available,52,1%,5,Mathematics,,,
ninetyone.website,available,52,5%,10,Mathematics,,,
xcvii.website,available,52,1%,5,Mathematics,,,
sixtyfour.website,available,52,3%,10,Mathematics,,,
scummy.website,available,50,1%,6,Humanities,,,
ogdoad.website,available,50,1%,6,Mathematics,,,
triplet.website,available,50,8%,7,Science,,,
adhominem.website,available,50,2%,10,"Humanities,Law,Politics",,,
abomasal.website,available,50,0%,8,Agriculture,,,
acapnic.website,available,50,0%,7,"Healthcare,Medicine,Science",,,
acaudal.website,available,50,1%,7,"Agriculture,Science",,,
aculeated.website,available,50,0%,9,"Engineering,Medicine,Science",,,
abdicable.website,available,50,0%,9,Law,,,
acerose.website,available,50,1%,7,Science,,,
acerbic.website,available,50,2%,7,"Arts,Humanities,Media",,,
trine.website,available,50,11%,5,"General,Religion",,,
needlelike.website,available,50,0%,10,"Engineering,Medicine,Science",,,
abducting.website,available,50,0%,9,Medicine,,,
acerb.website,available,50,2%,5,Science,,,
lxx.website,available,50,5%,3,Mathematics,,,
gillless.website,available,50,0%,9,Science,,,
acquitted.website,available,50,1%,9,Law,,,
cinque.website,available,50,7%,6,Mathematics,,,
acetous.website,available,50,1%,7,Science,,,
abbatial.website,available,50,0%,8,Religion,,,
aborticide.website,available,50,0%,10,Medicine,,,
abactinal.website,available,50,0%,9,Science,,,
broached.website,available,50,0%,8,Food and Beverage,,,
acellular.website,available,50,1%,9,Science,,,
abranchial.website,available,50,0%,10,Science,,,
acetose.website,available,50,1%,7,Science,,,
acapnotic.website,available,50,0%,9,"Healthcare,Medicine,Science",,,
spinous.website,available,50,1%,7,"Agriculture,Science",,,
vinegary.website,available,50,1%,8,Food and Beverage,,,
adactylous.website,available,50,0%,10,Science,,,
execrable.website,available,48,0%,9,"Entertainment,Humanities",,,
abyssal.website,available,48,12%,7,"Arts,Entertainment,Media",,,
lxxxviii.website,available,48,1%,8,Mathematics,,,
ilxxx.website,available,48,1%,5,Mathematics,,,
ilxx.website,available,48,1%,4,Mathematics,,,
apriori.website,available,48,13%,8,Mathematics,,,
abstracted.website,available,48,5%,10,"Arts,Humanities,Science",,,
acaudate.website,available,46,1%,8,"Agriculture,Science",,,
achromous.website,available,46,1%,9,Science,,,
acephalous.website,available,46,1%,10,Science,,,
acarpelous.website,available,46,0%,10,"Agriculture,Science",,,
vinegarish.website,available,46,1%,10,Food and Beverage,,,
acanthoid.website,available,46,1%,9,"Agriculture,Science",,,
cotyloid.website,available,46,1%,8,Science,,,
quaternary.website,available,46,3%,10,Mathematics,,,
theabsurd.website,available,46,1%,10,"Arts,Entertainment,Media",,,
achenial.website,available,46,1%,8,Science,,,
acicular.website,available,46,2%,8,Science,,,
achromic.website,available,46,2%,8,Science,,,
acanthous.website,available,46,0%,9,"Agriculture,Science",,,
acetonic.website,available,46,1%,8,Science,,,
acheronian.website,available,46,1%,10,Humanities,,,
acanthotic.website,available,46,0%,10,"Agriculture,Science",,,
stemless.website,available,46,2%,8,"Agriculture,Science",,,
acapnial.website,available,46,0%,8,"Healthcare,Medicine,Science",,,
acetylenic.website,available,46,1%,10,Science,,,
acarpous.website,available,46,0%,8,"Agriculture,Science",,,
stripling.website,available,46,2%,9,"Education,Entertainment,Healthcare",,,
acetylic.website,available,46,1%,8,Science,,,
acetabular.website,available,46,1%,10,Science,,,
accusatory.website,available,44,1%,10,Law,,,
cotyloidal.website,available,44,1%,10,Science,,,
acherontic.website,available,44,1%,10,Humanities,,,
phoebe.website,available,41,14%,6,Science,,,
abscessed.website,available,41,0%,9,Healthcare,,,
accusive.website,available,40,1%,8,Law,,,
scurrilous.website,available,40,1%,10,"Entertainment,Media,Politics",,,
accurst.website,available,40,1%,7,Religion,,,